name,url,continent,name_translated,name_original,capital_name,languages,demonyms,flag_url,world_location_url,code
Afganistán,https://es.wikipedia.org/wiki/Afganist%C3%A1n,Asia,República Islámica de Afganistán,د افغانستان اسلامي جمهوریت,Kabul,Pastún y darí (persa),Afgana/o,https://upload.wikimedia.org/wikipedia/commons/9/9a/Flag_of_Afghanistan.svg,https://upload.wikimedia.org/wikipedia/commons/1/19/Afghanistan_%28orthographic_projection%29.svg,AFG
Albania,https://es.wikipedia.org/wiki/Albania,Europa,República de Albania,Republika e Shqipërisë,Tirana,Albanés,"Albanés/a, albana/o",https://upload.wikimedia.org/wikipedia/commons/3/36/Flag_of_Albania.svg,https://upload.wikimedia.org/wikipedia/commons/d/d5/Albania_%28orthographic_projection%29.svg,ALB
Alemania,https://es.wikipedia.org/wiki/Alemania,Europa,República Federal de Alemania,Bundesrepublik Deutschland,Berlín,Alemán,"Alemán/a, germana/o, tudesca/o",https://upload.wikimedia.org/wikipedia/commons/b/ba/Flag_of_Germany.svg,https://upload.wikimedia.org/wikipedia/commons/2/26/EU-Germany.svg,GER/DEU
Andorra,https://es.wikipedia.org/wiki/Andorra,Europa,Principado de Andorra,Principat d'Andorra,Andorra la Vieja,Catalán,Andorrana/o,https://upload.wikimedia.org/wikipedia/commons/1/19/Flag_of_Andorra.svg,https://upload.wikimedia.org/wikipedia/commons/1/12/Location_Andorra_Europe.png,AND
Angola,https://es.wikipedia.org/wiki/Angola,África,República de Angola,República de Angola,Luanda,Portugués,Angoleña/o,https://upload.wikimedia.org/wikipedia/commons/9/9d/Flag_of_Angola.svg,https://upload.wikimedia.org/wikipedia/commons/8/89/Angola_%28orthographic_projection%29.svg,ANG/AGO
Antigua y Barbuda,https://es.wikipedia.org/wiki/Antigua_y_Barbuda,América,Antigua y Barbuda,Antigua and Barbuda,Saint John,Inglés,Antiguana/o,https://upload.wikimedia.org/wikipedia/commons/8/89/Flag_of_Antigua_and_Barbuda.svg,https://upload.wikimedia.org/wikipedia/commons/2/21/ATG_orthographic.svg,ANT/ATG
Arabia Saudita,https://es.wikipedia.org/wiki/Arabia_Saudita,Asia,Reino de Arabia Saudita,المملكة العربية السعودية,Riad,Árabe,"Saudí, saudita",https://upload.wikimedia.org/wikipedia/commons/0/0d/Flag_of_Saudi_Arabia.svg,https://upload.wikimedia.org/wikipedia/commons/4/47/Saudi_Arabia_%28orthographic_projection%29.svg,KSA/SAU
Argelia,https://es.wikipedia.org/wiki/Argelia,África,República Argelina Democrática y Popular,الجمهورية الجزائرية الديمقراطية الشعبية,Argel,Árabe y lenguas bereberes,Argelina/o,https://upload.wikimedia.org/wikipedia/commons/7/77/Flag_of_Algeria.svg,https://upload.wikimedia.org/wikipedia/commons/2/25/Algeria_%28orthographic_projection%29.svg,ALG/DZA
Argentina,https://es.wikipedia.org/wiki/Argentina,América,República Argentina,,Buenos Aires,Español,Argentina/o,https://upload.wikimedia.org/wikipedia/commons/1/1a/Flag_of_Argentina.svg,https://upload.wikimedia.org/wikipedia/commons/5/5f/ARG_orthographic_%28%2Ball_claims%29.svg,ARG
Armenia,https://es.wikipedia.org/wiki/Armenia,Asia-Europa,República de Armenia,Հայաստանի Հանրապետություն,Ereván,Armenio,Armenia/o,https://upload.wikimedia.org/wikipedia/commons/2/2f/Flag_of_Armenia.svg,https://upload.wikimedia.org/wikipedia/commons/9/96/Armenia_%28orthographic_projection%29.svg,ARM
Australia,https://es.wikipedia.org/wiki/Australia,Oceanía,Mancomunidad de Australia,Commonwealth of Australia,Canberra,"Ninguno, inglés de facto",Australiana/o,https://upload.wikimedia.org/wikipedia/commons/8/88/Flag_of_Australia_%28converted%29.svg,https://upload.wikimedia.org/wikipedia/commons/d/da/Australia_with_AAT_%28orthographic_projection%29.svg,AUS
Austria,https://es.wikipedia.org/wiki/Austria,Europa,República de Austria,Republik Österreich,Viena,Alemán,Austríaca/o,https://upload.wikimedia.org/wikipedia/commons/4/41/Flag_of_Austria.svg,https://upload.wikimedia.org/wikipedia/commons/9/9d/EU-Austria.svg,AUT
Azerbaiyán,https://es.wikipedia.org/wiki/Azerbaiy%C3%A1n,Asia-Europa,República de Azerbaiyán,Azərbaycan Respublikası,Bakú,Azerí,"Azerbaiyana/o, Azerí",https://upload.wikimedia.org/wikipedia/commons/d/dd/Flag_of_Azerbaijan.svg,https://upload.wikimedia.org/wikipedia/commons/6/65/Locator_map_of_Azerbaijan.svg,AZE
Bahamas,https://es.wikipedia.org/wiki/Bahamas,América,Mancomunidad de Las Bahamas,Commonwealth of The Bahamas,Nasáu,Inglés,"Bahameña/o, Bahamés/esa",https://upload.wikimedia.org/wikipedia/commons/9/93/Flag_of_the_Bahamas.svg,https://upload.wikimedia.org/wikipedia/commons/d/de/The_Bahamas_on_the_globe_%28Americas_centered%29.svg,BAH/BHS
Bangladés,https://es.wikipedia.org/wiki/Banglad%C3%A9s,Asia,República Popular de Bangladés,গণপ্রজাতন্ত্রী বাংলাদেশ,Daca,Bengalí,Bangladesí,https://upload.wikimedia.org/wikipedia/commons/f/f9/Flag_of_Bangladesh.svg,https://upload.wikimedia.org/wikipedia/commons/f/f2/Bangladesh_%28orthographic_projection%29.svg,BAN/BGD
Barbados,https://es.wikipedia.org/wiki/Barbados,América,Barbados,Barbados,Bridgetown,Inglés,Barbadense,https://upload.wikimedia.org/wikipedia/commons/e/ef/Flag_of_Barbados.svg,https://upload.wikimedia.org/wikipedia/commons/a/a1/BRB_orthographic.svg,BAR/BRB
Baréin,https://es.wikipedia.org/wiki/Bar%C3%A9in,Asia,Reino de Baréin,مملكة البحرين,Manama,Árabe,Bareiní,https://upload.wikimedia.org/wikipedia/commons/2/2c/Flag_of_Bahrain.svg,https://upload.wikimedia.org/wikipedia/commons/9/95/Bahrain_on_the_globe_%28Bahrain_centered%29.svg,BRN/BHR
Bélgica,https://es.wikipedia.org/wiki/B%C3%A9lgica,Europa,Reino de Bélgica,Koninkrijk België,Bruselas,"Neerlandés, francés y alemán",Belga,https://upload.wikimedia.org/wikipedia/commons/6/65/Flag_of_Belgium.svg,https://upload.wikimedia.org/wikipedia/commons/6/67/EU-Belgium.svg,BEL
Belice,https://es.wikipedia.org/wiki/Belice,América,Belice,Belize,Belmopán,Inglés,Beliceña/o,https://upload.wikimedia.org/wikipedia/commons/e/e7/Flag_of_Belize.svg,https://upload.wikimedia.org/wikipedia/commons/4/43/BLZ_orthographic.svg,BIZ/BLZ
Bielorrusia,https://es.wikipedia.org/wiki/Bielorrusia,Europa,República de Bielorrusia,Рэспубліка Беларусь,Minsk,Ruso y bielorruso,Bielorrusa/o,https://upload.wikimedia.org/wikipedia/commons/8/85/Flag_of_Belarus.svg,https://upload.wikimedia.org/wikipedia/commons/a/af/Europe-Belarus.svg,BLR
Benín,https://es.wikipedia.org/wiki/Ben%C3%ADn,África,República de Benín,République du Bénin,Porto Novo,Francés,Beninés/a,https://upload.wikimedia.org/wikipedia/commons/0/0a/Flag_of_Benin.svg,https://upload.wikimedia.org/wikipedia/commons/e/e9/BEN_orthographic.svg,BEN
Birmania,https://es.wikipedia.org/wiki/Birmania,Asia,República de la Unión de Myanmar,ပြည်ထောင်စု သမ္မတ မြန်မာနိုင်ငံတော်‌,Naipyidó,Birmano (Myanmasa),"Birmana/o, myanma",https://upload.wikimedia.org/wikipedia/commons/8/8c/Flag_of_Myanmar.svg,https://upload.wikimedia.org/wikipedia/commons/f/f3/Myanmar_on_the_globe_%28Myanmar_centered%29.svg,MYA/MMR
Bolivia,https://es.wikipedia.org/wiki/Bolivia,América,Estado Plurinacional de Bolivia,,Sucre (constitucional) y La Paz,"Español, aimara, quechua, guaraní y otras 33 lenguas",Boliviana/o,https://upload.wikimedia.org/wikipedia/commons/4/48/Flag_of_Bolivia.svg,https://upload.wikimedia.org/wikipedia/commons/8/83/BOL_orthographic.svg,BOL
Bosnia y Herzegovina,https://es.wikipedia.org/wiki/Bosnia_y_Herzegovina,Europa,Bosnia y Herzegovina,Bosna i Hercegovina,Sarajevo,"Bosnio, croata y serbio","Bosnioherzegovina/o, Bosnia/o",https://upload.wikimedia.org/wikipedia/commons/b/bf/Flag_of_Bosnia_and_Herzegovina.svg,https://upload.wikimedia.org/wikipedia/commons/9/94/Europe-Bosnia_and_Herzegovina.svg,BIH
Botsuana,https://es.wikipedia.org/wiki/Botsuana,África,República de Botsuana,Republic of Botswana,Gaborone,Inglés y setsuana,"Botsuana/o, botsuanés/esa",https://upload.wikimedia.org/wikipedia/commons/f/fa/Flag_of_Botswana.svg,https://upload.wikimedia.org/wikipedia/commons/c/c1/BWA_orthographic.svg,BOT/BWA
Brasil,https://es.wikipedia.org/wiki/Brasil,América,República Federativa de Brasil,República Federativa do Brasil,Brasilia,Portugués y lengua de señas,"Brasileña/o, brasilera/o",https://upload.wikimedia.org/wikipedia/commons/0/05/Flag_of_Brazil.svg,https://upload.wikimedia.org/wikipedia/commons/b/bc/BRA_orthographic.svg,BRA
Brunéi,https://es.wikipedia.org/wiki/Brun%C3%A9i,Asia,Estado de Brunéi Darussalam,بروني دارالسلام,Bandar Seri Begawan,Malayo,Bruneana/o,https://upload.wikimedia.org/wikipedia/commons/9/9c/Flag_of_Brunei.svg,https://upload.wikimedia.org/wikipedia/commons/d/d8/Brunei_on_the_globe_%28Brunei_centered%29.svg,BRU/BRN
Bulgaria,https://es.wikipedia.org/wiki/Bulgaria,Europa,República de Bulgaria,Република България,Sofía,Búlgaro,Búlgara/o,https://upload.wikimedia.org/wikipedia/commons/9/9a/Flag_of_Bulgaria.svg,https://upload.wikimedia.org/wikipedia/commons/e/e9/EU-Bulgaria.svg,BUL/BGR
Burkina Faso,https://es.wikipedia.org/wiki/Burkina_Faso,África,Burkina Faso,Burkina Faso,Uagadugú,Francés,Burkinés,https://upload.wikimedia.org/wikipedia/commons/3/31/Flag_of_Burkina_Faso.svg,https://upload.wikimedia.org/wikipedia/commons/2/21/BFA_orthographic.svg,BUR/BFA
Burundi,https://es.wikipedia.org/wiki/Burundi,África,República de Burundi,République du Burundi,Gitega,"Kirundi, francés",Burundés/a,https://upload.wikimedia.org/wikipedia/commons/5/50/Flag_of_Burundi.svg,https://upload.wikimedia.org/wikipedia/commons/2/27/Burundi_%28orthographic_projection%29.svg,BDI
Bután,https://es.wikipedia.org/wiki/But%C3%A1n,Asia,Reino de Bután,འབྲུག་ རྒྱལ་ཁབ་,Timbu,,Butanés/a,https://upload.wikimedia.org/wikipedia/commons/9/91/Flag_of_Bhutan.svg,https://upload.wikimedia.org/wikipedia/commons/c/ce/Bhutan_%28orthographic_projection%29.svg,BHU/BTN
Cabo Verde,https://es.wikipedia.org/wiki/Cabo_Verde,África,República de Cabo Verde,República de Cabo Verde,Praia,Portugués,Caboverdiana/o,https://upload.wikimedia.org/wikipedia/commons/3/38/Flag_of_Cape_Verde.svg,https://upload.wikimedia.org/wikipedia/commons/d/d7/CPV_orthographic_NaturalEarth.svg,CPV
Camboya,https://es.wikipedia.org/wiki/Camboya,Asia,Reino de Camboya,ព្រះរាជាណាចក្រកម្ពុជា,Nom Pen,Jemer y camboyano,Camboyana/o,https://upload.wikimedia.org/wikipedia/commons/8/83/Flag_of_Cambodia.svg,https://upload.wikimedia.org/wikipedia/commons/c/cb/Cambodia_on_the_globe_%28Cambodia_centered%29.svg,CAM/KHM
Camerún,https://es.wikipedia.org/wiki/Camer%C3%BAn,África,República de Camerún,République du Cameroun,Yaundé,Francés e inglés,Camerunés/a,https://upload.wikimedia.org/wikipedia/commons/4/4f/Flag_of_Cameroon.svg,https://upload.wikimedia.org/wikipedia/commons/0/05/CMR_orthographic.svg,CMR
Canadá,https://es.wikipedia.org/wiki/Canad%C3%A1,América,Canadá,Canada,Ottawa,Inglés y francés,Canadiense,https://upload.wikimedia.org/wikipedia/commons/d/d9/Flag_of_Canada_%28Pantone%29.svg,https://upload.wikimedia.org/wikipedia/commons/6/67/CAN_orthographic.svg,CAN
Catar,https://es.wikipedia.org/wiki/Catar,Asia,Estado de Catar,دولة قطر,Doha,Árabe,Catarí,https://upload.wikimedia.org/wikipedia/commons/6/65/Flag_of_Qatar.svg,https://upload.wikimedia.org/wikipedia/commons/d/d4/QAT_orthographic.svg,QAT
República Centroafricana,https://es.wikipedia.org/wiki/Rep%C3%BAblica_Centroafricana,África,República Centroafricana,Ködörösêse tî Bêafrîka,Bangui,"Sango, francés",Centroafricana/o,https://upload.wikimedia.org/wikipedia/commons/6/6f/Flag_of_the_Central_African_Republic.svg,https://upload.wikimedia.org/wikipedia/commons/b/b4/CAF_orthographic.svg,CAF
Chad,https://es.wikipedia.org/wiki/Chad,África,República del Chad,République du Tchad,Yamena,Francés y árabe,Chadiana/o,https://upload.wikimedia.org/wikipedia/commons/4/4b/Flag_of_Chad.svg,https://upload.wikimedia.org/wikipedia/commons/6/6b/TCD_orthographic.svg,CHA/TCD
República Checa,https://es.wikipedia.org/wiki/Rep%C3%BAblica_Checa,Europa,República Checa,Česká republika,Praga,Checo,Checa/o,https://upload.wikimedia.org/wikipedia/commons/c/cb/Flag_of_the_Czech_Republic.svg,https://upload.wikimedia.org/wikipedia/commons/3/31/EU-Czech_Republic.svg,CZE
Chile,https://es.wikipedia.org/wiki/Chile,América,República de Chile,,Santiago de Chile,Español,Chilena/o,https://upload.wikimedia.org/wikipedia/commons/7/78/Flag_of_Chile.svg,https://upload.wikimedia.org/wikipedia/commons/c/cc/CHL_orthographic_%28%2Ball_claims%29.svg,CHI/CHL
China,https://es.wikipedia.org/wiki/Rep%C3%BAblica_Popular_China,Asia,República Popular China,中华人民共和国,Pekín,Chino mandarín,China/o,https://upload.wikimedia.org/wikipedia/commons/f/fa/Flag_of_the_People%27s_Republic_of_China.svg,https://upload.wikimedia.org/wikipedia/commons/a/a4/CHN_orthographic.svg,CHN
Chipre,https://es.wikipedia.org/wiki/Chipre,Europa-Asia,República de Chipre,,Nicosia,Griego y turco,"Chipriota, grecochipriota, turcochipriota, anglochipriota",https://upload.wikimedia.org/wikipedia/commons/d/d4/Flag_of_Cyprus.svg,https://upload.wikimedia.org/wikipedia/commons/4/4f/EU-Cyprus.svg,CYP
Colombia,https://es.wikipedia.org/wiki/Colombia,América,República de Colombia,,Bogotá,Español,Colombiana/o,https://upload.wikimedia.org/wikipedia/commons/2/21/Flag_of_Colombia.svg,https://upload.wikimedia.org/wikipedia/commons/c/ca/COL_orthographic_%28San_Andr%C3%A9s_and_Providencia_special%29.svg,COL
Comoras,https://es.wikipedia.org/wiki/Comoras,África,Unión de las Comoras,الاتحاد القمري,Moroni,"Árabe, suajili (comorense), francés",Comorense,https://upload.wikimedia.org/wikipedia/commons/9/94/Flag_of_the_Comoros.svg,https://upload.wikimedia.org/wikipedia/commons/a/ad/Comoros_%28orthographic_projection%29.svg,COM
Congo,https://es.wikipedia.org/wiki/Rep%C3%BAblica_del_Congo,África,República del Congo,République du Congo,Brazzaville,"Francés, lingala, kikongo","Congoleña/o, congolés",https://upload.wikimedia.org/wikipedia/commons/9/92/Flag_of_the_Republic_of_the_Congo.svg,https://upload.wikimedia.org/wikipedia/commons/a/a7/Republic_of_the_Congo_%28orthographic_projection%29.svg,CGO/COG
República Democrática del Congo,https://es.wikipedia.org/wiki/Rep%C3%BAblica_Democr%C3%A1tica_del_Congo,África,República Democrática del Congo,République démocratique du Congo,Kinsasa,"Francés, lingala, kikongo, suajili y chiluba","Congoleña/o, congolés/a",https://upload.wikimedia.org/wikipedia/commons/6/6f/Flag_of_the_Democratic_Republic_of_the_Congo.svg,https://upload.wikimedia.org/wikipedia/commons/b/b4/COD_orthographic.svg,COD
Corea del Norte,https://es.wikipedia.org/wiki/Corea_del_Norte,Asia,República Popular Democrática de Corea,조선민주주의인민공화국,Pionyang,Coreano,"Coreana/o, norcoreana/o, coreana/o del norte",https://upload.wikimedia.org/wikipedia/commons/5/51/Flag_of_North_Korea.svg,https://upload.wikimedia.org/wikipedia/commons/7/7b/North_Korea_%28orthographic_projection%29.svg,PRK
Corea del Sur,https://es.wikipedia.org/wiki/Corea_del_Sur,Asia,República de Corea,대한민국,Seúl,Coreano,"Coreana/o, surcoreana/o, coreana/o del sur",https://upload.wikimedia.org/wikipedia/commons/0/09/Flag_of_South_Korea.svg,https://upload.wikimedia.org/wikipedia/commons/c/c7/KOR_orthographic.svg,KOR
Costa de Marfil,https://es.wikipedia.org/wiki/Costa_de_Marfil,África,República de Costa de Marfil,République de Côte d’Ivoire,Yamusukro,Francés,Marfileña/o,https://upload.wikimedia.org/wikipedia/commons/f/fe/Flag_of_C%C3%B4te_d%27Ivoire.svg,https://upload.wikimedia.org/wikipedia/commons/f/f1/CIV_orthographic.svg,CIV
Costa Rica,https://es.wikipedia.org/wiki/Costa_Rica,América,República de Costa Rica,,San José,Español,"Costarricense, tica/o",https://upload.wikimedia.org/wikipedia/commons/f/f2/Flag_of_Costa_Rica.svg,https://upload.wikimedia.org/wikipedia/commons/8/89/CRI_orthographic.svg,CRC/CRI
Croacia,https://es.wikipedia.org/wiki/Croacia,Europa,República de Croacia,Republika Hrvatska,Zagreb,Croata,Croata,https://upload.wikimedia.org/wikipedia/commons/1/1b/Flag_of_Croatia.svg,https://upload.wikimedia.org/wikipedia/commons/1/15/EU-Croatia.svg,CRO/HRV
Cuba,https://es.wikipedia.org/wiki/Cuba,América,República de Cuba,,La Habana,Español,Cubana/o,https://upload.wikimedia.org/wikipedia/commons/b/bd/Flag_of_Cuba.svg,https://upload.wikimedia.org/wikipedia/commons/1/16/CUB_orthographic.svg,CUB
Dinamarca,https://es.wikipedia.org/wiki/Reino_de_Dinamarca,Europa,Kongeriget Danmark,Kongsríki Danmarkar,Copenhague,"Danés, feroés y groenlandés","Danés/a, dinamarqués/a, feroés/a, groenlandés/a",https://upload.wikimedia.org/wikipedia/commons/f/f6/Flag_of_Denmark_%28state%29.svg,https://upload.wikimedia.org/wikipedia/commons/3/35/Kingdom_of_Denmark_in_its_region_%28special_marker%29.svg,DEN/DNK
Dominica,https://es.wikipedia.org/wiki/Dominica,América,Mancomunidad de Dominica,Commonwealth of Dominica,Roseau,Inglés,Dominiqués/a,https://upload.wikimedia.org/wikipedia/commons/c/c4/Flag_of_Dominica.svg,https://upload.wikimedia.org/wikipedia/commons/7/78/Dominica_on_the_globe_%28Americas_centered%29.svg,DMA
República Dominicana,https://es.wikipedia.org/wiki/Rep%C3%BAblica_Dominicana,América,República Dominicana,,Santo Domingo,Español,"Dominicana/o, quisqueyana/o (coloquial)",https://upload.wikimedia.org/wikipedia/commons/9/9f/Flag_of_the_Dominican_Republic.svg,https://upload.wikimedia.org/wikipedia/commons/9/95/Dominican_Republic_%28orthographic_projection%29.svg,DOM
Ecuador,https://es.wikipedia.org/wiki/Ecuador,América,República del Ecuador,,Quito,Español,Ecuatoriana/o,https://upload.wikimedia.org/wikipedia/commons/e/e8/Flag_of_Ecuador.svg,https://upload.wikimedia.org/wikipedia/commons/e/e3/ECU_orthographic.svg,ECU
Egipto,https://es.wikipedia.org/wiki/Egipto,África-Asia,República de Egipto,جمهوريّة مصرالعربيّة,El Cairo,Árabe y árabe egipcio,Egipcia/o,https://upload.wikimedia.org/wikipedia/commons/f/fe/Flag_of_Egypt.svg,https://upload.wikimedia.org/wikipedia/commons/a/a1/EGY_orthographic.svg,EGY
El Salvador,https://es.wikipedia.org/wiki/El_Salvador,América,República de El Salvador,,San Salvador,Español,Salvadoreña/o,https://upload.wikimedia.org/wikipedia/commons/3/34/Flag_of_El_Salvador.svg,https://upload.wikimedia.org/wikipedia/commons/e/e3/El_Salvador_%28orthographic_projection%29.svg,ESA/SLV
Emiratos Árabes Unidos,https://es.wikipedia.org/wiki/Emiratos_%C3%81rabes_Unidos,Asia,Estado de los Emiratos Árabes Unidos,دولة الإمارات العربية المتحدة,Abu Dabi,Árabe,Emiratí,https://upload.wikimedia.org/wikipedia/commons/c/cb/Flag_of_the_United_Arab_Emirates.svg,https://upload.wikimedia.org/wikipedia/commons/c/cd/United_Arab_Emirates_%28orthographic_projection%29.svg,UAE/AE
Eritrea,https://es.wikipedia.org/wiki/Eritrea,África,Estado de Eritrea,,Asmara,"Italiano, tigriña, árabe, tigre, kunama",Eritrea/o,https://upload.wikimedia.org/wikipedia/commons/2/29/Flag_of_Eritrea.svg,https://upload.wikimedia.org/wikipedia/commons/4/43/Eritrea_%28Africa_orthographic_projection%29.svg,ERI
Eslovaquia,https://es.wikipedia.org/wiki/Eslovaquia,Europa,República Eslovaca,Slovenská republika,Bratislava,Eslovaco,Eslovaca/o,https://upload.wikimedia.org/wikipedia/commons/e/e6/Flag_of_Slovakia.svg,https://upload.wikimedia.org/wikipedia/commons/1/1d/EU-Slovakia.svg,SVK
Eslovenia,https://es.wikipedia.org/wiki/Eslovenia,Europa,República de Eslovenia,Republika Slovenija,Liubliana,"Esloveno, italiano y húngaro",Eslovena/o,https://upload.wikimedia.org/wikipedia/commons/f/f0/Flag_of_Slovenia.svg,https://upload.wikimedia.org/wikipedia/commons/8/84/EU-Slovenia.svg,SLO/SVN
España,https://es.wikipedia.org/wiki/Espa%C3%B1a,Europa,Reino de España,,Madrid,Castellano,Español/a,https://upload.wikimedia.org/wikipedia/commons/9/9a/Flag_of_Spain.svg,https://upload.wikimedia.org/wikipedia/commons/2/21/EU-Spain.svg,ESP
Estados Unidos,https://es.wikipedia.org/wiki/Estados_Unidos,América,Estados Unidos de América,United States of America,Washington D. C.,Ninguno a nivel federal,"Estadounidense, norteamericana/o, gringa/o, yanqui",https://upload.wikimedia.org/wikipedia/commons/a/a4/Flag_of_the_United_States.svg,https://upload.wikimedia.org/wikipedia/commons/d/dc/USA_orthographic.svg,USA
Estonia,https://es.wikipedia.org/wiki/Estonia,Europa,República de Estonia,Eesti Vabariik,Tallin,Estonio,"Estonia/o, estoniana/o",https://upload.wikimedia.org/wikipedia/commons/8/8f/Flag_of_Estonia.svg,https://upload.wikimedia.org/wikipedia/commons/a/a2/EU-Estonia.svg,EST
Etiopía,https://es.wikipedia.org/wiki/Etiop%C3%ADa,África,República Democrática Federal de Etiopía,የኢትዮጵያ ፌዴራላዊ ዴሞክራሲያዊ ሪፐብሊክ,Adís Abeba,Amhárico,"Etíope, etiopí, abisinia/o",https://upload.wikimedia.org/wikipedia/commons/7/71/Flag_of_Ethiopia.svg,https://upload.wikimedia.org/wikipedia/commons/d/dd/Ethiopia_%28Africa_orthographic_projection%29.svg,ETH
Filipinas,https://es.wikipedia.org/wiki/Filipinas,Asia,República de Filipinas,Republika ng Pilipinas,Manila,Filipino e inglés,Filipina/o,https://upload.wikimedia.org/wikipedia/commons/9/99/Flag_of_the_Philippines.svg,https://upload.wikimedia.org/wikipedia/commons/6/6d/PHL_orthographic.svg,PHI/PHL
Finlandia,https://es.wikipedia.org/wiki/Finlandia,Europa,República de Finlandia,Suomen Tasavalta,Helsinki,Finés y sueco,"Finés/a, Finlandés/a",https://upload.wikimedia.org/wikipedia/commons/b/bc/Flag_of_Finland.svg,https://upload.wikimedia.org/wikipedia/commons/6/6e/EU-Finland.svg,FIN
Fiyi,https://es.wikipedia.org/wiki/Fiyi,Oceanía,República de Fiyi,Matanitu Tugalala o Viti,Suva,"Fiyiano, inglés e hindi fiyiano",Fiyiana/o,https://upload.wikimedia.org/wikipedia/commons/b/ba/Flag_of_Fiji.svg,https://upload.wikimedia.org/wikipedia/commons/f/fa/Fiji_%28orthographic_projection%29.svg,FIJ/FJI
Francia,https://es.wikipedia.org/wiki/Francia,Europa,República Francesa,République française,París,Francés,"Francés/a, gala/o",https://upload.wikimedia.org/wikipedia/commons/c/c3/Flag_of_France.svg,https://upload.wikimedia.org/wikipedia/commons/a/a3/EU-France.svg,FRA
Gabón,https://es.wikipedia.org/wiki/Gab%C3%B3n,África,República Gabonesa,République gabonaise,Libreville,Francés,Gabonés/a,https://upload.wikimedia.org/wikipedia/commons/0/04/Flag_of_Gabon.svg,https://upload.wikimedia.org/wikipedia/commons/b/bf/Gabon_%28orthographic_projection%29.svg,GAB
Gambia,https://es.wikipedia.org/wiki/Gambia,África,República del Gambia,Republic of The Gambia,Banjul,"Inglés, mandingo, fula, wólof, jola, soninké",Gambiana/o,https://upload.wikimedia.org/wikipedia/commons/7/77/Flag_of_The_Gambia.svg,https://upload.wikimedia.org/wikipedia/commons/1/16/Gambia_%28orthographic_projection_with_inset%29.svg,GAM/GMB
Georgia,https://es.wikipedia.org/wiki/Georgia,Asia-Europa,Georgia,საქართველო,Tiflis,Georgiano,Georgiana/o,https://upload.wikimedia.org/wikipedia/commons/0/0f/Flag_of_Georgia.svg,https://upload.wikimedia.org/wikipedia/commons/2/2b/Europe_Georgia.svg,GEO
Ghana,https://es.wikipedia.org/wiki/Ghana,África,República de Ghana,Republic of Ghana,Acra,Inglés,Ghanés/a,https://upload.wikimedia.org/wikipedia/commons/1/19/Flag_of_Ghana.svg,https://upload.wikimedia.org/wikipedia/commons/3/30/Ghana_%28orthographic_projection%29.svg,GHA
Granada,https://es.wikipedia.org/wiki/Granada_(pa%C3%ADs),América,Granada,Grenada,Saint George,Inglés,Granadina/o,https://upload.wikimedia.org/wikipedia/commons/b/bc/Flag_of_Grenada.svg,https://upload.wikimedia.org/wikipedia/commons/5/53/Grenada_in_its_region.svg,GRN/GRD
Grecia,https://es.wikipedia.org/wiki/Grecia,Europa,República Helénica,Ελληνική Δημοκρατία,Atenas,Griego,"Griega/o, helena/o",https://upload.wikimedia.org/wikipedia/commons/5/5c/Flag_of_Greece.svg,https://upload.wikimedia.org/wikipedia/commons/2/21/EU-Greece.svg,GRE/GRC
Guatemala,https://es.wikipedia.org/wiki/Guatemala,América,República de Guatemala,,Ciudad de Guatemala,Español,Guatemalteca/o,https://upload.wikimedia.org/wikipedia/commons/e/ec/Flag_of_Guatemala.svg,https://upload.wikimedia.org/wikipedia/commons/7/70/Guatemala_%28orthographic_projection%29.svg,GUA/GTM
Guinea,https://es.wikipedia.org/wiki/Guinea,África,República de Guinea,République de Guinée,Conakri,Francés,Guineana/o,https://upload.wikimedia.org/wikipedia/commons/e/ed/Flag_of_Guinea.svg,https://upload.wikimedia.org/wikipedia/commons/e/e4/Guinea_%28orthographic_projection%29.svg,GUI/GIN
Guinea-Bisáu,https://es.wikipedia.org/wiki/Guinea-Bis%C3%A1u,África,República de Guinea-Bisáu,República da Guiné-Bissau,Bisáu,Portugués,Bisauguineana/o,https://upload.wikimedia.org/wikipedia/commons/0/01/Flag_of_Guinea-Bissau.svg,https://upload.wikimedia.org/wikipedia/commons/f/fe/Location_Guinea_Bissau_AU_Africa.svg,GBS/GNB
Guinea Ecuatorial,https://es.wikipedia.org/wiki/Guinea_Ecuatorial,África,República de Guinea Ecuatorial,République de Guinée équatoriale,Malabo,"Español, francés y portugués",Ecuatoguineana/o,https://upload.wikimedia.org/wikipedia/commons/3/31/Flag_of_Equatorial_Guinea.svg,https://upload.wikimedia.org/wikipedia/commons/b/b9/GNQ_orthographic.svg,GEQ/GNQ
Guyana,https://es.wikipedia.org/wiki/Guyana,América,República Cooperativa de Guyana,Cooperative Republic of Guyana,Georgetown,Inglés,Guyanés/a,https://upload.wikimedia.org/wikipedia/commons/9/99/Flag_of_Guyana.svg,https://upload.wikimedia.org/wikipedia/commons/2/21/GUY_orthographic.svg,GUY
Haití,https://es.wikipedia.org/wiki/Hait%C3%AD,América,República de Haití,Repiblik d'Ayiti,Puerto Príncipe,"Criollo haitiano, francés",Haitiana/o,https://upload.wikimedia.org/wikipedia/commons/5/56/Flag_of_Haiti.svg,https://upload.wikimedia.org/wikipedia/commons/f/fe/Haiti_%28orthographic_projection%29.svg,HAI/HTI
Honduras,https://es.wikipedia.org/wiki/Honduras,América,República de Honduras,,Tegucigalpa,Español,Hondureña/o,https://upload.wikimedia.org/wikipedia/commons/e/e4/Flag_of_Honduras_%28Pantone%29.svg,https://upload.wikimedia.org/wikipedia/commons/0/0c/HND_orthographic.svg,HON/HND
Hungría,https://es.wikipedia.org/wiki/Hungr%C3%ADa,Europa,Hungría,Magyarország,Budapest,Húngaro,"Húngara/o, magiar",https://upload.wikimedia.org/wikipedia/commons/c/c1/Flag_of_Hungary.svg,https://upload.wikimedia.org/wikipedia/commons/6/60/EU-Hungary.svg,HUN
India,https://es.wikipedia.org/wiki/India,Asia,República de la India,भारत गणराज्य,Nueva Delhi,Hindi e inglés,India/o,https://upload.wikimedia.org/wikipedia/commons/4/41/Flag_of_India.svg,https://upload.wikimedia.org/wikipedia/commons/b/bb/India_%28orthographic_projection%29.svg,IND
Indonesia,https://es.wikipedia.org/wiki/Indonesia,Asia,República de Indonesia,Republik Indonesia,Yakarta,Indonesio,Indonesia/o,https://upload.wikimedia.org/wikipedia/commons/9/9f/Flag_of_Indonesia.svg,https://upload.wikimedia.org/wikipedia/commons/0/05/Indonesia_%28orthographic_projection%29.svg,INA/IDN
Irak,https://es.wikipedia.org/wiki/Irak,Asia,República de Irak,جمهورية ألعراق,Bagdad,Árabe y kurdo,Iraquí,https://upload.wikimedia.org/wikipedia/commons/f/f6/Flag_of_Iraq.svg,https://upload.wikimedia.org/wikipedia/commons/5/59/Iraq_%28orthographic_projection%29.svg,IRQ
Irán,https://es.wikipedia.org/wiki/Ir%C3%A1n,Asia,República Islámica de Irán,جمهوری اسلامی ایران,Teherán,Persa,Iraní,https://upload.wikimedia.org/wikipedia/commons/c/ca/Flag_of_Iran.svg,https://upload.wikimedia.org/wikipedia/commons/a/a8/Iran_%28orthographic_projection%29.svg,IRI/IRN
Irlanda,https://es.wikipedia.org/wiki/Irlanda,Europa,República de Irlanda,Poblacht na hÉireann,Dublín,Inglés e irlandés,Irlandés/a,https://upload.wikimedia.org/wikipedia/commons/4/45/Flag_of_Ireland.svg,https://upload.wikimedia.org/wikipedia/commons/2/2a/EU-Ireland.svg,IRL
Islandia,https://es.wikipedia.org/wiki/Islandia,Europa,Islandia,Ísland,Reikiavik,Islandés,Islandés/a,https://upload.wikimedia.org/wikipedia/commons/c/ce/Flag_of_Iceland.svg,https://upload.wikimedia.org/wikipedia/commons/7/7a/Iceland_%28orthographic_projection%29.svg,ISL
Israel,https://es.wikipedia.org/wiki/Israel,Asia,Estado de Israel,מדינת ישראל,Jerusalén,Hebreo y árabe,Israelí ,https://upload.wikimedia.org/wikipedia/commons/d/d4/Flag_of_Israel.svg,https://upload.wikimedia.org/wikipedia/commons/d/d4/Israel_%28orthographic_projection%29_with_disputed_territories.svg,ISR
Italia,https://es.wikipedia.org/wiki/Italia,Europa,República Italiana,Repubblica Italiana,Roma,Italiano,Italiana/o,https://upload.wikimedia.org/wikipedia/commons/0/03/Flag_of_Italy.svg,https://upload.wikimedia.org/wikipedia/commons/b/ba/EU-Italy.svg,ITA
Jamaica,https://es.wikipedia.org/wiki/Jamaica,América,Jamaica,,Kingston,"Inglés, español y patois jamaicano","Jamaicana/o, jamaiquina/o",https://upload.wikimedia.org/wikipedia/commons/0/0a/Flag_of_Jamaica.svg,https://upload.wikimedia.org/wikipedia/commons/e/eb/Jamaica_%28orthographic_projection%29.svg,JAM
Japón,https://es.wikipedia.org/wiki/Jap%C3%B3n,Asia,Estado del Japón,日本国,Tokio,Ninguno,"Japonés/a, Nipón/a",https://upload.wikimedia.org/wikipedia/commons/9/9e/Flag_of_Japan.svg,https://upload.wikimedia.org/wikipedia/commons/6/62/Japan_%28orthographic_projection%29.svg,JPN
Jordania,https://es.wikipedia.org/wiki/Jordania,Asia,Reino Hachemita de Jordania,المملكة الأردنّيّة الهاشميّة,Amán,Árabe,Jordana/o,https://upload.wikimedia.org/wikipedia/commons/c/c0/Flag_of_Jordan.svg,https://upload.wikimedia.org/wikipedia/commons/b/b2/Jordan_%28orthographic_projection%29.svg,JOR
Kazajistán,https://es.wikipedia.org/wiki/Kazajist%C3%A1n,Asia-Europa,República de Kazajistán,Қазақстан Республикасы,Nur-Sultán,Kazajo y ruso,"Kazaja/o, kazaka/o",https://upload.wikimedia.org/wikipedia/commons/d/d3/Flag_of_Kazakhstan.svg,https://upload.wikimedia.org/wikipedia/commons/3/3e/Kazakhstan_%28orthographic_projection%29.svg,KAZ
Kenia,https://es.wikipedia.org/wiki/Kenia,África,República de Kenia,Jamhuri ya Kenya,Nairobi,Suajili e inglés,"Keniana/o, keniata",https://upload.wikimedia.org/wikipedia/commons/4/49/Flag_of_Kenya.svg,https://upload.wikimedia.org/wikipedia/commons/a/a5/Kenya_%28orthographic_projection%29.svg,KEN
Kirguistán,https://es.wikipedia.org/wiki/Kirguist%C3%A1n,Asia,República Kirguisa,Кыргыз Республикасы,Biskek,Kirguís y ruso,"Kirguís, kirguisa/o",https://upload.wikimedia.org/wikipedia/commons/c/c7/Flag_of_Kyrgyzstan.svg,https://upload.wikimedia.org/wikipedia/commons/7/7c/Kyrgyzstan_%28orthographic_projection%29.svg,KGZ
Kiribati,https://es.wikipedia.org/wiki/Kiribati,Oceanía,República de Kiribati,Ribaberikin Kiribati,Tarawa,Inglés y gilbertés,Kiribatiana/o,https://upload.wikimedia.org/wikipedia/commons/d/d3/Flag_of_Kiribati.svg,https://upload.wikimedia.org/wikipedia/commons/8/85/Kiribati_on_the_globe_%28small_islands_magnified%29_%28Polynesia_centered%29.svg,KIR
Kuwait,https://es.wikipedia.org/wiki/Kuwait,Asia,Estado de Kuwait,دولة الكويت,Kuwait,Árabe,Kuwaití,https://upload.wikimedia.org/wikipedia/commons/a/aa/Flag_of_Kuwait.svg,https://upload.wikimedia.org/wikipedia/commons/4/41/KWT_orthographic.svg,KUW/KWT
Laos,https://es.wikipedia.org/wiki/Laos,Asia,República Democrática Popular Lao,ສາທາລະນະລັດປະຊາທິປະໄຕ ປະຊາຊົນລາວ,Vientián,Lao,Laosiana/o,https://upload.wikimedia.org/wikipedia/commons/5/56/Flag_of_Laos.svg,https://upload.wikimedia.org/wikipedia/commons/9/9f/Laos_on_the_globe_%28Asia_centered%29.svg,LAO
Lesoto,https://es.wikipedia.org/wiki/Lesoto,África,Reino de Lesoto,Muso oa Lesotho,Maseru,Inglés y sesoto,Lesotense,https://upload.wikimedia.org/wikipedia/commons/4/4a/Flag_of_Lesotho.svg,https://upload.wikimedia.org/wikipedia/commons/4/4c/Lesotho_%28orthographic_projection_with_inset%29.svg,LES/LSO
Letonia,https://es.wikipedia.org/wiki/Letonia,Europa,República de Letonia,Latvijas Republika,Riga,Letón,Letón/a,https://upload.wikimedia.org/wikipedia/commons/8/84/Flag_of_Latvia.svg,https://upload.wikimedia.org/wikipedia/commons/3/32/EU-Latvia.svg,LAT/LVA
Líbano,https://es.wikipedia.org/wiki/L%C3%ADbano,Asia,República Libanesa,الجمهورية اللبنانية,Beirut,Árabe,Libanés/a,https://upload.wikimedia.org/wikipedia/commons/5/59/Flag_of_Lebanon.svg,https://upload.wikimedia.org/wikipedia/commons/9/96/Lebanon_%28orthographic_projection%29.svg,LBN
Liberia,https://es.wikipedia.org/wiki/Liberia,África,República de Liberia,Republic of Liberia,Monrovia,Inglés,Liberiana/o,https://upload.wikimedia.org/wikipedia/commons/b/b8/Flag_of_Liberia.svg,https://upload.wikimedia.org/wikipedia/commons/9/91/Liberia_%28orthographic_projection%29.svg,LBR
Libia,https://es.wikipedia.org/wiki/Libia,África,Estado de Libia,Awanak en Libu,Trípoli,Árabe y  bereber (italiano),Libia/o,https://upload.wikimedia.org/wikipedia/commons/0/05/Flag_of_Libya.svg,https://upload.wikimedia.org/wikipedia/commons/0/07/Libya_%28orthographic_projection%29.svg,LBA/LBY
Liechtenstein,https://es.wikipedia.org/wiki/Liechtenstein,Europa,Principado de Liechtenstein,Fürstentum Liechtenstein,Vaduz,Alemán,Liechtensteiniana/o,https://upload.wikimedia.org/wikipedia/commons/4/47/Flag_of_Liechtenstein.svg,https://upload.wikimedia.org/wikipedia/commons/2/23/Europe-Liechtenstein.svg,LIE
Lituania,https://es.wikipedia.org/wiki/Lituania,Europa,República de Lituania,Lietuvos Respublika,Vilna,Lituano,Lituana/o,https://upload.wikimedia.org/wikipedia/commons/1/11/Flag_of_Lithuania.svg,https://upload.wikimedia.org/wikipedia/commons/e/ec/EU-Lithuania.svg,LTU
Luxemburgo,https://es.wikipedia.org/wiki/Luxemburgo,Europa,Gran Ducado de Luxemburgo,Grousherzogtum Lëtzebuerg,Luxemburgo,"Luxemburgués, francés y alemán",Luxemburgués/a,https://upload.wikimedia.org/wikipedia/commons/d/da/Flag_of_Luxembourg.svg,https://upload.wikimedia.org/wikipedia/commons/c/c3/EU-Luxembourg.svg,LUX
Macedonia del Norte,https://es.wikipedia.org/wiki/Macedonia_del_Norte,Europa,República de Macedonia del Norte,Република Северна Македонија,Skopie,Macedonio y albanés,"Macedonia/o, normacedonia/o",https://upload.wikimedia.org/wikipedia/commons/7/79/Flag_of_North_Macedonia.svg,https://upload.wikimedia.org/wikipedia/commons/9/9f/Europe-Republic_of_North_Macedonia.svg,MKD
Madagascar,https://es.wikipedia.org/wiki/Madagascar,África,República de Madagascar,Repoblikan'i Madagascar,Antananarivo,Malgache y francés,Malgache,https://upload.wikimedia.org/wikipedia/commons/b/bc/Flag_of_Madagascar.svg,https://upload.wikimedia.org/wikipedia/commons/6/6c/MDG_orthographic.svg,MAD/MDG
Malasia,https://es.wikipedia.org/wiki/Malasia,Asia,Malasia,Malaysia,"Kuala Lumpur, Putrajaya",Malayo,"Malasia/o, malaya/o",https://upload.wikimedia.org/wikipedia/commons/6/66/Flag_of_Malaysia.svg,https://upload.wikimedia.org/wikipedia/commons/2/23/Malaysia_%28orthographic_projection%29.svg,MAS/MYS
Malaui,https://es.wikipedia.org/wiki/Malaui,África,República de Malaui,Republic of Malawi,Lilongüe,"Inglés, chichewa",Malauí,https://upload.wikimedia.org/wikipedia/commons/d/d1/Flag_of_Malawi.svg,https://upload.wikimedia.org/wikipedia/commons/a/ab/Location_Malawi_AU_Africa.svg,MAW/MWI
Maldivas,https://es.wikipedia.org/wiki/Maldivas,Asia,República de Maldivas,ދިވެހިރާއްޖޭގެ ޖުމުހޫރިއްޔާ,Malé,Maldivo,Maldiva/o,https://upload.wikimedia.org/wikipedia/commons/0/0f/Flag_of_Maldives.svg,https://upload.wikimedia.org/wikipedia/commons/4/4b/Maldives_%28orthographic_projection%29.svg,MDV
Mali,https://es.wikipedia.org/wiki/Mal%C3%AD,África,República de Malí,République du Mali,Bamako,Francés,"Maliense, malí",https://upload.wikimedia.org/wikipedia/commons/9/92/Flag_of_Mali.svg,https://upload.wikimedia.org/wikipedia/commons/8/8b/Mali_%28orthographic_projection%29.svg,MLI
Malta,https://es.wikipedia.org/wiki/Malta,Europa,República de Malta,Repubblika 'ta Malta,La Valeta,Maltés e inglés,Maltés/a,https://upload.wikimedia.org/wikipedia/commons/7/73/Flag_of_Malta.svg,https://upload.wikimedia.org/wikipedia/commons/6/63/EU-Malta.svg,MLT
Marruecos,https://es.wikipedia.org/wiki/Marruecos,África,Reino de Marruecos,المملكة المغربية,Rabat,"Árabe, lenguas bereberes, árabe marroquí, francés, español, y otros",Marroquí,https://upload.wikimedia.org/wikipedia/commons/2/2c/Flag_of_Morocco.svg,https://upload.wikimedia.org/wikipedia/commons/7/78/Morocco_%28orthographic_projection%2C_WS_claimed%29.svg,MAR
Islas Marshall,https://es.wikipedia.org/wiki/Islas_Marshall,Oceanía,República de las Islas Marshall,Aolepān Aorōkin Majeļ,Majuro,Marshalés e inglés,Marshalés/a,https://upload.wikimedia.org/wikipedia/commons/2/2e/Flag_of_the_Marshall_Islands.svg,https://upload.wikimedia.org/wikipedia/commons/8/83/Marshall_Islands_in_Oceania.svg,MHL
Mauricio,https://es.wikipedia.org/wiki/Mauricio,África,República de Mauricio,Republic of Mauritius,Port Louis,"Inglés, francés y criollo mauriciano",Mauriciano/na,https://upload.wikimedia.org/wikipedia/commons/7/77/Flag_of_Mauritius.svg,https://upload.wikimedia.org/wikipedia/commons/4/4b/Mauritius_%28orthographic_projection_with_inset%29.svg,MRI/MUS
Mauritania,https://es.wikipedia.org/wiki/Mauritania,África,República Islámica de Mauritania,الجمهورية الإسلامية الموريتانية,Nuakchot,Árabe estándar,Mauritana/o,https://upload.wikimedia.org/wikipedia/commons/4/43/Flag_of_Mauritania.svg,https://upload.wikimedia.org/wikipedia/commons/a/ac/Mauritania_%28orthographic_projection%29.svg,MTN/MRT
México,https://es.wikipedia.org/wiki/M%C3%A9xico,América,Estados Unidos Mexicanos,,Ciudad de México,Español y 67 lenguas indígenas,Mexicana/o,https://upload.wikimedia.org/wikipedia/commons/f/fc/Flag_of_Mexico.svg,https://upload.wikimedia.org/wikipedia/commons/0/06/MEX_orthographic.svg,MEX/MX
Micronesia,https://es.wikipedia.org/wiki/Estados_Federados_de_Micronesia,Oceanía,Estados Federados de Micronesia,Federated States of Micronesia,Palikir,Inglés,Micronesia/o,https://upload.wikimedia.org/wikipedia/commons/e/e4/Flag_of_the_Federated_States_of_Micronesia.svg,https://upload.wikimedia.org/wikipedia/commons/5/5a/Micronesia_on_the_globe_%28Southeast_Asia_centered%29_%28small_islands_magnified%29.svg,FSM
Moldavia,https://es.wikipedia.org/wiki/Moldavia,Europa,República de Moldavia,Republica Moldova,Chisináu,Rumano,Moldava/o,https://upload.wikimedia.org/wikipedia/commons/2/27/Flag_of_Moldova.svg,https://upload.wikimedia.org/wikipedia/commons/f/fe/Location_Moldova_Europe.png,MDA
Mónaco,https://es.wikipedia.org/wiki/M%C3%B3naco,Europa,Principado de Mónaco,Prinçipatu de Munegu,Ciudad de Mónaco,Francés,Monegasca/o,https://upload.wikimedia.org/wikipedia/commons/e/ea/Flag_of_Monaco.svg,https://upload.wikimedia.org/wikipedia/commons/f/f5/Location_Monaco_Europe.png,MON/MCO
Mongolia,https://es.wikipedia.org/wiki/Mongolia,Asia,Mongol Uls,ᠤᠯᠤᠰ,Ulán Bator,Mongol,Mongol/a,https://upload.wikimedia.org/wikipedia/commons/4/4c/Flag_of_Mongolia.svg,https://upload.wikimedia.org/wikipedia/commons/f/f3/Mongolia_%28orthographic_projection%29.svg,MGL/MNG
Montenegro,https://es.wikipedia.org/wiki/Montenegro,Europa,Montenegro,Црна Гора,Podgorica y Cetiña,Montenegrino,Montenegrina/o,https://upload.wikimedia.org/wikipedia/commons/6/64/Flag_of_Montenegro.svg,https://upload.wikimedia.org/wikipedia/commons/b/b0/Europe-Montenegro.svg,MNE
Mozambique,https://es.wikipedia.org/wiki/Mozambique,África,República de Mozambique,República de Moçambique,Maputo,Portugués,Mozambiqueña/o,https://upload.wikimedia.org/wikipedia/commons/d/d0/Flag_of_Mozambique.svg,https://upload.wikimedia.org/wikipedia/commons/8/84/Mozambique_%28orthographic_projection%29.svg,MOZ
Namibia,https://es.wikipedia.org/wiki/Namibia,África,República de Namibia,Republic of Namibia,Windhoek,"Inglés, afrikaans, alemán, rukwangali, silozi, setswana, y otros",Namibia/o,https://upload.wikimedia.org/wikipedia/commons/0/00/Flag_of_Namibia.svg,https://upload.wikimedia.org/wikipedia/commons/0/01/Namibia_in_Africa.svg,NAM
Nauru,https://es.wikipedia.org/wiki/Nauru,Oceanía,República de Nauru,Ripublik Naoero,Yaren,Nauruano,Nauruana/o,https://upload.wikimedia.org/wikipedia/commons/3/30/Flag_of_Nauru.svg,https://upload.wikimedia.org/wikipedia/commons/2/21/NRU_orthographic.svg,NRU
Nepal,https://es.wikipedia.org/wiki/Nepal,Asia,República Federal Democrática de Nepal,संघीय लोकतान्त्रिक गणतन्त्र नेपाल,Katmandú,Nepalí,"Nepalí, nepalés/a",https://upload.wikimedia.org/wikipedia/commons/9/9b/Flag_of_Nepal.svg,https://upload.wikimedia.org/wikipedia/commons/d/d4/Nepal_%28orthographic_projection%29.svg,NEP/NPL
Nicaragua,https://es.wikipedia.org/wiki/Nicaragua,América,República de Nicaragua,,Managua,Español,Nicaragüense,https://upload.wikimedia.org/wikipedia/commons/1/19/Flag_of_Nicaragua.svg,https://upload.wikimedia.org/wikipedia/commons/3/34/NIC_orthographic.svg,NCA/NIC
Níger,https://es.wikipedia.org/wiki/N%C3%ADger,África,República del Níger,République du Niger,Niamey,Francés,Nigerina/o,https://upload.wikimedia.org/wikipedia/commons/f/f4/Flag_of_Niger.svg,https://upload.wikimedia.org/wikipedia/commons/8/88/Niger_%28orthographic_projection%29.svg,NIG/NER
Nigeria,https://es.wikipedia.org/wiki/Nigeria,África,República Federal de Nigeria,Federal Republic of Nigeria,Abuya,Inglés,Nigeriana/o,https://upload.wikimedia.org/wikipedia/commons/7/79/Flag_of_Nigeria.svg,https://upload.wikimedia.org/wikipedia/commons/4/4e/Nigeria_%28orthographic_projection%29.svg,NGR/NGA
Noruega,https://es.wikipedia.org/wiki/Noruega,Europa,Reino de Noruega,Kongeriket Norge,Oslo,"Noruego, sami",Noruega/o,https://upload.wikimedia.org/wikipedia/commons/d/d9/Flag_of_Norway.svg,https://upload.wikimedia.org/wikipedia/commons/0/01/Europe-Norway.svg,NOR
Nueva Zelanda,https://es.wikipedia.org/wiki/Nueva_Zelanda,Oceanía,Nueva Zelanda,New Zealand,Wellington,"Inglés, maorí y la lengua de señas de Nueva Zelanda","Neozelandés/a, kiwi (coloquial)",https://upload.wikimedia.org/wikipedia/commons/3/3e/Flag_of_New_Zealand.svg,https://upload.wikimedia.org/wikipedia/commons/d/d8/New_Zealand_%28orthographic_projection%29.svg,NZL
Omán,https://es.wikipedia.org/wiki/Om%C3%A1n,Asia,Sultanato de Omán,سلطانة عمان,Mascate,Árabe,Omaní,https://upload.wikimedia.org/wikipedia/commons/d/dd/Flag_of_Oman.svg,https://upload.wikimedia.org/wikipedia/commons/8/8d/Oman_%28orthographic_projection%29.svg,OMA/OMN
Pakistán,https://es.wikipedia.org/wiki/Pakist%C3%A1n,Asia,República Islámica de Pakistán,اسلامی جمہوریہ پاكستان,Islamabad,Urdu e inglés,Pakistaní,https://upload.wikimedia.org/wikipedia/commons/3/32/Flag_of_Pakistan.svg,https://upload.wikimedia.org/wikipedia/commons/b/b6/Pakistan_%28orthographic_projection%29.svg,PAK
Palaos,https://es.wikipedia.org/wiki/Palaos,Oceanía,República de Palaos,Beluu er a Belau,Ngerulmud,"Inglés, palauano, japonés, angaur, tobiano y sonsorol",Palauana/o,https://upload.wikimedia.org/wikipedia/commons/4/48/Flag_of_Palau.svg,https://upload.wikimedia.org/wikipedia/commons/5/57/Palau_on_the_globe_%28Southeast_Asia_centered%29_%28small_islands_magnified%29.svg,PLW
Palestina,https://es.wikipedia.org/wiki/Estado_de_Palestina,Asia,Estado de Palestina,دولة فلسطين,"Jerusalén Este, Ramala",Árabe,Palestina/o,https://upload.wikimedia.org/wikipedia/commons/0/00/Flag_of_Palestine.svg,https://upload.wikimedia.org/wikipedia/commons/a/ad/State_of_Palestine_%28orthographic_projection%29.svg,PLE/PSE
Panamá,https://es.wikipedia.org/wiki/Panam%C3%A1,América,República de Panamá,,Ciudad de Panamá,Español,Panameña/o,https://upload.wikimedia.org/wikipedia/commons/a/ab/Flag_of_Panama.svg,https://upload.wikimedia.org/wikipedia/commons/3/39/PAN_orthographic.svg,PAN
Papúa Nueva Guinea,https://es.wikipedia.org/wiki/Pap%C3%BAa_Nueva_Guinea,Oceanía,Estado Independiente de Papúa Nueva Guinea,Independent State of Papua New Guinea,Puerto Moresby,"Inglés, tok pisin, hiri motu","Papú, papú neoguineana/o, papuana/o",https://upload.wikimedia.org/wikipedia/commons/e/e3/Flag_of_Papua_New_Guinea.svg,https://upload.wikimedia.org/wikipedia/commons/f/ff/PNG_orthographic.svg,PNG
Paraguay,https://es.wikipedia.org/wiki/Paraguay,América,República del Paraguay,Tetã Paraguái,Asunción,Español y guaraní,Paraguaya/o,https://upload.wikimedia.org/wikipedia/commons/2/27/Flag_of_Paraguay.svg,https://upload.wikimedia.org/wikipedia/commons/8/80/Paraguay_%28orthographic_projection%29.svg,PAR/PRY
Perú,https://es.wikipedia.org/wiki/Per%C3%BA,América,República del Perú,,Lima,Español,Peruana/o,https://upload.wikimedia.org/wikipedia/commons/c/cf/Flag_of_Peru.svg,https://upload.wikimedia.org/wikipedia/commons/0/07/PER_orthographic.svg,PER
Polonia,https://es.wikipedia.org/wiki/Polonia,Europa,República de Polonia,Rzeczpospolita Polska,Varsovia,Polaco,"Polaca/o, Polonés/a, Polandés/a",https://upload.wikimedia.org/wikipedia/commons/1/12/Flag_of_Poland.svg,https://upload.wikimedia.org/wikipedia/commons/9/9b/EU-Poland.svg,POL
Portugal,https://es.wikipedia.org/wiki/Portugal,Europa,República Portuguesa,República Portuguesa,Lisboa,Portugués y mirandés,"Portugués/a, lusa/o",https://upload.wikimedia.org/wikipedia/commons/5/5c/Flag_of_Portugal.svg,https://upload.wikimedia.org/wikipedia/commons/a/a7/EU-Portugal.svg,POR/PRT
Reino Unido,https://es.wikipedia.org/wiki/Reino_Unido,Europa,Reino Unido de Gran Bretaña e Irlanda del Norte,United Kingdom of Great Britain and Northern Ireland,Londres,Inglés,Británica/o,https://upload.wikimedia.org/wikipedia/commons/a/ae/Flag_of_the_United_Kingdom.svg,https://upload.wikimedia.org/wikipedia/commons/5/5b/Europe-UK.svg,GBR
Ruanda,https://es.wikipedia.org/wiki/Ruanda,África,República de Ruanda,Repubulika y'u Rwanda,Kigali,"Kiñaruanda, francés, inglés y suajili",Ruandés/a,https://upload.wikimedia.org/wikipedia/commons/1/17/Flag_of_Rwanda.svg,https://upload.wikimedia.org/wikipedia/commons/d/d0/Rwanda_in_Africa_%28special_marker%29.svg,RWA
Rumania,https://es.wikipedia.org/wiki/Rumania,Europa,Rumania,România,Bucarest,Rumano,Rumana/o,https://upload.wikimedia.org/wikipedia/commons/7/73/Flag_of_Romania.svg,https://upload.wikimedia.org/wikipedia/commons/1/13/EU-Romania.svg,ROU
Rusia,https://es.wikipedia.org/wiki/Rusia,Europa-Asia,Federación de Rusia,Российская Федерация,Moscú,"Ruso, lenguas de las repúblicas de Rusia",Rusa/o,https://upload.wikimedia.org/wikipedia/commons/f/f3/Flag_of_Russia.svg,https://upload.wikimedia.org/wikipedia/commons/e/ec/Russian_Federation_%28orthographic_projection%29_-_Crimea_disputed.svg,RUS
Islas Salomón,https://es.wikipedia.org/wiki/Islas_Salom%C3%B3n,Oceanía,Islas Salomón,Solomon Islands,Honiara,Inglés,Salomonense,https://upload.wikimedia.org/wikipedia/commons/7/74/Flag_of_the_Solomon_Islands.svg,https://upload.wikimedia.org/wikipedia/commons/8/8a/Solomon_Islands_on_the_globe_%28Oceania_centered%29.svg,SOL/SLB
Samoa,https://es.wikipedia.org/wiki/Samoa,Oceanía,Estado Independiente de Samoa,Malo Saʻoloto Tutoʻatasi o Samoa,Apia,Samoano e inglés,Samoana/o,https://upload.wikimedia.org/wikipedia/commons/3/31/Flag_of_Samoa.svg,https://upload.wikimedia.org/wikipedia/commons/7/74/Samoa_on_the_globe_%28Polynesia_centered%29.svg,SAM/WSM
San Cristóbal y Nieves,https://es.wikipedia.org/wiki/San_Crist%C3%B3bal_y_Nieves,América,Federación de San Cristóbal y Nieves,Federation of Saint Kitts and Nevis,Basseterre,Inglés,Sancristobaleña/o,https://upload.wikimedia.org/wikipedia/commons/f/fe/Flag_of_Saint_Kitts_and_Nevis.svg,https://upload.wikimedia.org/wikipedia/commons/5/5d/KNA_orthographic.svg,SKN/KNA
San Marino,https://es.wikipedia.org/wiki/San_Marino,Europa,Serenísima República de San Marino,Serenissima Repubblica di San Marino,San Marino,Italiano,Sanmarinense,https://upload.wikimedia.org/wikipedia/commons/b/b1/Flag_of_San_Marino.svg,https://upload.wikimedia.org/wikipedia/commons/7/79/Location_San_Marino_Europe.png,SMR
San Vicente y las Granadinas,https://es.wikipedia.org/wiki/San_Vicente_y_las_Granadinas,América,San Vicente y las Granadinas,Saint Vincent and the Grenadines,Kingstown,Inglés,Sanvicentina/o,https://upload.wikimedia.org/wikipedia/commons/6/6d/Flag_of_Saint_Vincent_and_the_Grenadines.svg,https://upload.wikimedia.org/wikipedia/commons/7/70/VCT_orthographic.svg,VIN/VCT
Santa Lucía,https://es.wikipedia.org/wiki/Santa_Luc%C3%ADa,América,Santa Lucía,Saint Lucia,Castries,"Inglés, criollo antillano",Santalucense,https://upload.wikimedia.org/wikipedia/commons/9/9f/Flag_of_Saint_Lucia.svg,https://upload.wikimedia.org/wikipedia/commons/9/97/Saint_Lucia_on_the_globe_%28Americas_centered%29.svg,LCA
Santo Tomé y Príncipe,https://es.wikipedia.org/wiki/Santo_Tom%C3%A9_y_Pr%C3%ADncipe,África,República Democrática de Santo Tomé y Príncipe,República Democrática de São Tomé e Príncipe,Santo Tomé,Portugués,Santotomense,https://upload.wikimedia.org/wikipedia/commons/4/4f/Flag_of_Sao_Tome_and_Principe.svg,https://upload.wikimedia.org/wikipedia/commons/3/35/Location_S%C3%A3o_Tom%C3%A9_and_Pr%C3%ADncipe_AU_Africa.svg,STP
Senegal,https://es.wikipedia.org/wiki/Senegal,África,República del Senegal,République du Sénégal,Dakar,Francés,Senegalés/a,https://upload.wikimedia.org/wikipedia/commons/f/fd/Flag_of_Senegal.svg,https://upload.wikimedia.org/wikipedia/commons/3/3c/Senegal_%28orthographic_projection%29.svg,SEN
Serbia,https://es.wikipedia.org/wiki/Serbia,Europa,República de Serbia,Република Србија,Belgrado,Serbio,Serbia/o,https://upload.wikimedia.org/wikipedia/commons/f/ff/Flag_of_Serbia.svg,https://upload.wikimedia.org/wikipedia/commons/0/09/Europe-Serbia.svg,SRB
Seychelles,https://es.wikipedia.org/wiki/Seychelles,África,República de las Seychelles,Repiblik Sesel,Victoria,"Criollo seychelense, francés e inglés",Seychellense,https://upload.wikimedia.org/wikipedia/commons/f/fc/Flag_of_Seychelles.svg,https://upload.wikimedia.org/wikipedia/commons/d/dc/SYC_orthographic.svg,SEY/SYC
Sierra Leona,https://es.wikipedia.org/wiki/Sierra_Leona,África,República de Sierra Leona,Republic of Sierra Leone,Freetown,Inglés,Sierraleonés/a,https://upload.wikimedia.org/wikipedia/commons/1/17/Flag_of_Sierra_Leone.svg,https://upload.wikimedia.org/wikipedia/commons/4/4f/Location_Sierra_Leone_AU_Africa.svg,SLE
Singapur,https://es.wikipedia.org/wiki/Singapur,Asia,República de Singapur,Republic of Singapore,Ciudad de Singapur,"Inglés, malayo, chino estándar o mandarín y tamil",Singapurense,https://upload.wikimedia.org/wikipedia/commons/4/48/Flag_of_Singapore.svg,https://upload.wikimedia.org/wikipedia/commons/5/51/Singapore_in_its_region_%28zoom%29.svg,SGP
Siria,https://es.wikipedia.org/wiki/Siria,Asia,República Árabe Siria,الجمهورية العربية السورية,Damasco,Árabe,Siria/o,https://upload.wikimedia.org/wikipedia/commons/5/53/Flag_of_Syria.svg,https://upload.wikimedia.org/wikipedia/commons/5/53/Syria_%28orthographic_projection%29_uncontrolled_highlighted.svg,SYR
Somalia,https://es.wikipedia.org/wiki/Somalia,África,República Federal de Somalia,Jamhuuriyadda Federaalka Soomaaliya,Mogadiscio,Somalí y árabe,Somalí,https://upload.wikimedia.org/wikipedia/commons/a/a0/Flag_of_Somalia.svg,https://upload.wikimedia.org/wikipedia/commons/4/4c/Somalia_%28orthographic_projection%29.svg,SOM
Sri Lanka,https://es.wikipedia.org/wiki/Sri_Lanka,Asia,República Democrática Socialista de Sri Lanka,ශ්‍රී ලංකා ප්‍රජාතාන්ත්‍රික සමාජවාදී ජනරජය,Sri Jayawardenapura Kotte,Cingalés y tamil,"Esrilanqués/a, ceilanés/a, ceilandés/a",https://upload.wikimedia.org/wikipedia/commons/1/11/Flag_of_Sri_Lanka.svg,https://upload.wikimedia.org/wikipedia/commons/9/96/Sri_Lanka_%28orthographic_projection%29.svg,SRI/LKA
Suazilandia,https://es.wikipedia.org/wiki/Suazilandia,África,Reino de Suazilandia,Umbuso weSwatini,"Mbabane, Lobamba",Suazi e inglés,Suazi,https://upload.wikimedia.org/wikipedia/commons/f/fb/Flag_of_Eswatini.svg,https://upload.wikimedia.org/wikipedia/commons/c/c4/Location_Eswatini_AU_Africa.svg,SWZ
Sudáfrica,https://es.wikipedia.org/wiki/Sud%C3%A1frica,África,República de Sudáfrica,,"Ciudad del Cabo, Pretoria, Bloemfontein","Inglés, afrikáans, zulú, xhosa y 7 idiomas más",Sudafricana/o,https://upload.wikimedia.org/wikipedia/commons/a/af/Flag_of_South_Africa.svg,https://upload.wikimedia.org/wikipedia/commons/6/6e/South_Africa_%28orthographic_projection%29.svg,RSA/ZAF
Sudán,https://es.wikipedia.org/wiki/Sud%C3%A1n,África,República del Sudán,جمهورية السودان,Jartum,"Árabe, inglés e idiomas indígenas",Sudanés/a,https://upload.wikimedia.org/wikipedia/commons/0/01/Flag_of_Sudan.svg,https://upload.wikimedia.org/wikipedia/commons/f/f8/Sudan_%28orthographic_projection%29_highlighted.svg,SUD/SDN
Sudán del Sur,https://es.wikipedia.org/wiki/Sud%C3%A1n_del_Sur,África,República de Sudán del Sur,Republic of South Sudan,Yuba,Inglés,"Sursudanés/a, sudsudanés/a",https://upload.wikimedia.org/wikipedia/commons/7/7a/Flag_of_South_Sudan.svg,https://upload.wikimedia.org/wikipedia/commons/f/fe/South_Sudan_hd_%28orthographic_projection%29.svg,SSD
Suecia,https://es.wikipedia.org/wiki/Suecia,Europa,Reino de Suecia,Konungariket Sverige,Estocolmo,Sueco,Sueca/o,https://upload.wikimedia.org/wikipedia/commons/4/4c/Flag_of_Sweden.svg,https://upload.wikimedia.org/wikipedia/commons/0/06/EU-Sweden.svg,SWE
Suiza,https://es.wikipedia.org/wiki/Suiza,Europa,Confederación Suiza,Schweizerische Eidgenossenschaft,Berna,"Alemán, francés, italiano y romanche","Suiza/o, helvética/o",https://upload.wikimedia.org/wikipedia/commons/0/08/Flag_of_Switzerland_%28Pantone%29.svg,https://upload.wikimedia.org/wikipedia/commons/a/ad/Switzerland_in_Europe.svg,SUI/CHE
Surinam,https://es.wikipedia.org/wiki/Surinam,América,República de Surinam,Republiek Suriname,Paramaribo,Neerlandés,Surinamés/a,https://upload.wikimedia.org/wikipedia/commons/6/60/Flag_of_Suriname.svg,https://upload.wikimedia.org/wikipedia/commons/7/72/SUR_orthographic.svg,SUR
Tailandia,https://es.wikipedia.org/wiki/Tailandia,Asia,Reino de Tailandia,ราชอาณาจักรไทย,Bangkok,Tailandés,Tailandés/a,https://upload.wikimedia.org/wikipedia/commons/a/a9/Flag_of_Thailand.svg,https://upload.wikimedia.org/wikipedia/commons/6/6d/Thailand_%28orthographic_projection%29.svg,THA
Tanzania,https://es.wikipedia.org/wiki/Tanzania,África,República Unida de Tanzania,Jamhuri ya Muungano wa Tanzania,Dodoma,Suajili,Tanzana/o,https://upload.wikimedia.org/wikipedia/commons/3/38/Flag_of_Tanzania.svg,https://upload.wikimedia.org/wikipedia/commons/3/3f/Tanzania_%28orthographic_projection%29.svg,TAN/TZA
Tayikistán,https://es.wikipedia.org/wiki/Tayikist%C3%A1n,Asia,República de Tayikistán,Ҷумҳурии Тоҷикистон,Dusambé,Tayiko y ruso (interétnico),Tayika/o,https://upload.wikimedia.org/wikipedia/commons/d/d0/Flag_of_Tajikistan.svg,https://upload.wikimedia.org/wikipedia/commons/a/a1/Tajikistan_%28orthographic_projection%29.svg,TJK
Timor Oriental,https://es.wikipedia.org/wiki/Timor_Oriental,Asia,República Democrática de Timor Oriental,República Democrática de Timor-Leste,Dili,Portugués y tetun,Timorense,https://upload.wikimedia.org/wikipedia/commons/2/26/Flag_of_East_Timor.svg,https://upload.wikimedia.org/wikipedia/commons/b/bc/Timor_Leste_%28orthographic_projection%29.svg,TLS
Togo,https://es.wikipedia.org/wiki/Togo,África,República Togolesa,République togolaise,Lomé,Francés,Togolés/a,https://upload.wikimedia.org/wikipedia/commons/6/68/Flag_of_Togo.svg,https://upload.wikimedia.org/wikipedia/commons/1/1b/Location_Togo_AU_Africa.svg,TOG/TGO
Tonga,https://es.wikipedia.org/wiki/Tonga,Oceanía,Reino de Tonga,Pule'anga Fakatu'i 'o Tonga,Nukualofa,Tongano e inglés,Tongana/o,https://upload.wikimedia.org/wikipedia/commons/9/9a/Flag_of_Tonga.svg,https://upload.wikimedia.org/wikipedia/commons/1/1c/Tonga_on_the_globe_%28small_islands_magnified%29_%28Polynesia_centered%29.svg,TGA/TON
Trinidad y Tobago,https://es.wikipedia.org/wiki/Trinidad_y_Tobago,América,República de Trinidad y Tobago,Republic of Trinidad and Tobago,Puerto España,Inglés y español,Trinitense,https://upload.wikimedia.org/wikipedia/commons/6/64/Flag_of_Trinidad_and_Tobago.svg,https://upload.wikimedia.org/wikipedia/commons/5/5e/TTO_orthographic.svg,TTO
Túnez,https://es.wikipedia.org/wiki/T%C3%BAnez,África,República Tunecina,الجمهورية التونسية,Túnez,Árabe,Tunecina/o,https://upload.wikimedia.org/wikipedia/commons/c/ce/Flag_of_Tunisia.svg,https://upload.wikimedia.org/wikipedia/commons/d/da/Tunisia_%28orthographic_projection%29.svg,TUN
Turkmenistán,https://es.wikipedia.org/wiki/Turkmenist%C3%A1n,Asia,República de Turkmenistán,Türkmenistan Respublikasy,Asjabad,"Turcomano, ruso (interétnico)","Turkmena/o, turcomana/o",https://upload.wikimedia.org/wikipedia/commons/1/1b/Flag_of_Turkmenistan.svg,https://upload.wikimedia.org/wikipedia/commons/b/ba/Turkmenistan_on_the_globe_%28Turkmenistan_centered%29.svg,TKM
Turquía,https://es.wikipedia.org/wiki/Turqu%C3%ADa,Asia-Europa,República de Turquía,Türkiye Cumhuriyeti,Ankara,Turco,Turca/o,https://upload.wikimedia.org/wikipedia/commons/b/b4/Flag_of_Turkey.svg,https://upload.wikimedia.org/wikipedia/commons/d/dd/Turkey_%28orthographic_projection%29.svg,TUR
Tuvalu,https://es.wikipedia.org/wiki/Tuvalu,Oceanía,Tuvalu,Tuvalu,Fongafale,Tuvaluano e inglés,Tuvaluano/na,https://upload.wikimedia.org/wikipedia/commons/3/38/Flag_of_Tuvalu.svg,https://upload.wikimedia.org/wikipedia/commons/b/bc/Tuvalu_on_the_globe_%28small_islands_magnified%29_%28Polynesia_centered%29.svg,TUV
Ucrania,https://es.wikipedia.org/wiki/Ucrania,Europa,Ucrania,Україна,Kiev,Ucraniano,Ucraniana/o,https://upload.wikimedia.org/wikipedia/commons/4/49/Flag_of_Ukraine.svg,https://upload.wikimedia.org/wikipedia/commons/9/91/Ukraine_in_Europe_with_disputed_territories.svg,UKR
Uganda,https://es.wikipedia.org/wiki/Uganda,África,República de Uganda,Jamhuri ya Uganda,Kampala,Inglés y suajili,Ugandés/a,https://upload.wikimedia.org/wikipedia/commons/4/4e/Flag_of_Uganda.svg,https://upload.wikimedia.org/wikipedia/commons/1/1d/Uganda_%28orthographic_projection%29.svg,UGA
Uruguay,https://es.wikipedia.org/wiki/Uruguay,América,República Oriental del Uruguay,,Montevideo,Español,"Uruguaya/o, oriental",https://upload.wikimedia.org/wikipedia/commons/f/fe/Flag_of_Uruguay.svg,https://upload.wikimedia.org/wikipedia/commons/8/8d/Uruguay_%28orthographic_projection%29.svg,URU/URY
Uzbekistán,https://es.wikipedia.org/wiki/Uzbekist%C3%A1n,Asia,República de Uzbekistán,Ўзбекистон Республикаси,Taskent,Uzbeko y ruso,"Uzbeka/o, Uzbeca/o",https://upload.wikimedia.org/wikipedia/commons/8/84/Flag_of_Uzbekistan.svg,https://upload.wikimedia.org/wikipedia/commons/b/b3/Uzbekistan_on_the_globe_%28Uzbekistan_centered%29.svg,UZB
Vanuatu,https://es.wikipedia.org/wiki/Vanuatu,Oceanía,República de Vanuatu,Ripablik blong Vanuatu,Port Vila,"Bislama, francés e inglés",Vanuatuense,https://upload.wikimedia.org/wikipedia/commons/b/bc/Flag_of_Vanuatu.svg,https://upload.wikimedia.org/wikipedia/commons/5/53/Vanuatu_on_the_globe_%28small_islands_magnified%29_%28Polynesia_centered%29.svg,VAN/VUT
Ciudad del Vaticano,https://es.wikipedia.org/wiki/Ciudad_del_Vaticano,Europa,Estado de la Ciudad del Vaticano,Status Civitatis Vaticanæ,Ciudad del Vaticano,Ninguno,Vaticana/o,https://upload.wikimedia.org/wikipedia/commons/0/00/Flag_of_the_Vatican_City.svg,https://upload.wikimedia.org/wikipedia/commons/8/89/Location_of_the_Vatican_City_in_Europe.svg,VAT
Venezuela,https://es.wikipedia.org/wiki/Venezuela,América,República Bolivariana de Venezuela,,Caracas,Español,Venezolana/o,https://upload.wikimedia.org/wikipedia/commons/0/06/Flag_of_Venezuela.svg,https://upload.wikimedia.org/wikipedia/commons/5/5e/VEN_orthographic.svg,VEN
Vietnam,https://es.wikipedia.org/wiki/Vietnam,Asia,República Socialista de Vietnam,Cộng hòa Xã hội chủ nghĩa Việt Nam,Hanói,Vietnamita,Vietnamita,https://upload.wikimedia.org/wikipedia/commons/2/21/Flag_of_Vietnam.svg,https://upload.wikimedia.org/wikipedia/commons/a/a5/Vietnam_on_the_globe_%28Vietnam_centered%29.svg,VIE/VNM
Yemen,https://es.wikipedia.org/wiki/Yemen,Asia,República de Yemen,الجمهوريّة اليمنية,"Adén, Saná",Remense,"Yemení, yemenita",https://upload.wikimedia.org/wikipedia/commons/8/89/Flag_of_Yemen.svg,https://upload.wikimedia.org/wikipedia/commons/f/f1/Yemen_%28orthographic_projection%29.svg,YEM
Yibuti,https://es.wikipedia.org/wiki/Yibuti,África,República de Yibuti,République de Djibouti,Yibuti,"Francés, árabe y somalí","Yibutiana/o, yibutí, yibutiense",https://upload.wikimedia.org/wikipedia/commons/3/34/Flag_of_Djibouti.svg,https://upload.wikimedia.org/wikipedia/commons/b/b7/Djibouti_%28orthographic_projection%29.svg,DJI
Zambia,https://es.wikipedia.org/wiki/Zambia,África,República de Zambia,Republic of Zambia,Lusaka,Inglés,Zambiana/o,https://upload.wikimedia.org/wikipedia/commons/0/06/Flag_of_Zambia.svg,https://upload.wikimedia.org/wikipedia/commons/2/26/Zambia_%28orthographic_projection%29.svg,ZAM/ZMB
Zimbabue,https://es.wikipedia.org/wiki/Zimbabue,África,República de Zimbabue,Republic of Zimbabwe,Harare,Inglés y shona,Zimbabuense,https://upload.wikimedia.org/wikipedia/commons/6/6a/Flag_of_Zimbabwe.svg,https://upload.wikimedia.org/wikipedia/commons/5/50/Zimbabwe_%28orthographic_projection%29.svg,ZIM/ZWE
